key,name_cn,name_en,level,cp,cp_combo,durability,efficiency,progress_eff,quality_eff,type,success,inner_quiet_add,inner_quiet_combo_add,inner_quiet_per_stack,efficiency_cap,requires_inner_quiet,buff_id,buff_steps,restore_durability,restore_full,once_per_craft,no_durability_next,half_if_insufficient,first_step_only,clear_inner_quiet,unavailable_under_waste_not,grant_expedience,requires_expedience,combo_from
basicTouch,加工,Basic Touch,5,18,0,10,100,0,0,quality,1,0,0,0,0,0,-1,0,0,0,0,0,0,0,0,0,0,0,
standardTouch,中级加工,Standard Touch,18,32,18,10,125,0,0,quality,1,0,0,0,0,0,-1,0,0,0,0,0,0,0,0,0,0,0,basicTouch
advancedTouch,上级加工,Advanced Touch,68,46,18,10,150,0,0,quality,1,0,0,0,0,0,-1,0,0,0,0,0,0,0,0,0,0,0,
prudentTouch,俭约加工,Prudent Touch,66,25,0,5,100,0,0,quality,1,0,0,0,0,0,-1,0,0,0,0,0,0,0,0,1,0,0,
preparatoryTouch,坯料加工,Preparatory Touch,71,40,0,20,200,0,0,quality,1,1,0,0,0,0,-1,0,0,0,0,0,0,0,0,0,0,0,
refinedTouch,精炼加工,Refined Touch,92,24,0,10,100,0,0,quality,1,0,1,0,0,0,-1,0,0,0,0,0,0,0,0,0,0,0,basicTouch
reflect,闲静,Reflect,69,6,0,10,300,0,0,quality,1,1,0,0,0,0,-1,0,0,0,0,0,0,1,0,0,0,0,
byregot,比尔格的祝福,Byregot's Blessing,50,24,0,10,100,0,0,quality,1,0,0,20,300,1,-1,0,0,0,0,0,0,0,1,0,0,0,
trainedFinesse,工匠的神技,Trained Finesse,90,32,0,0,100,0,0,quality,1,0,0,0,0,10,-1,0,0,0,0,0,0,0,0,0,0,0,
delicateSynthesis,精密制作,Delicate Synthesis,76,32,0,10,0,150,100,both,1,0,0,0,0,0,-1,0,0,0,0,0,0,0,0,0,0,0,
basicSynthesis,制作,Basic Synthesis,1,0,0,10,120,0,0,progress,1,0,0,0,0,0,-1,0,0,0,0,0,0,0,0,0,0,0,
carefulSynthesis,模范制作,Careful Synthesis,62,7,0,10,180,0,0,progress,1,0,0,0,0,0,-1,0,0,0,0,0,0,0,0,0,0,0,
groundwork,坯料制作,Groundwork,72,18,0,20,360,0,0,progress,1,0,0,0,0,0,-1,0,0,0,0,0,1,0,0,0,0,0,
prudentSynthesis,俭约制作,Prudent Synthesis,88,18,0,5,180,0,0,progress,1,0,0,0,0,0,-1,0,0,0,0,0,0,0,0,1,0,0,
muscleMemory,坚信,Muscle Memory,54,6,0,10,300,0,0,progress,1,0,0,0,0,0,-1,0,0,0,0,0,0,1,0,0,0,0,
innovation,改革,Innovation,26,18,0,0,0,0,0,buff,1,0,0,0,0,0,0,4,0,0,0,0,0,0,0,0,0,0,
veneration,崇敬,Veneration,15,18,0,0,0,0,0,buff,1,0,0,0,0,0,1,4,0,0,0,0,0,0,0,0,0,0,
greatStrides,阔步,Great Strides,21,32,0,0,0,0,0,buff,1,0,0,0,0,0,2,3,0,0,0,0,0,0,0,0,0,0,
wasteNot,俭约,Waste Not,15,56,0,0,0,0,0,buff,1,0,0,0,0,0,3,4,0,0,0,0,0,0,0,0,0,0,
wasteNotII,长期俭约,Waste Not II,47,98,0,0,0,0,0,buff,1,0,0,0,0,0,3,8,0,0,0,0,0,0,0,0,0,0,
manipulation,掌握,Manipulation,65,96,0,0,0,0,0,buff,1,0,0,0,0,0,4,8,0,0,0,0,0,0,0,0,0,0,
masterMend,精修,Master's Mend,7,88,0,0,0,0,0,buff,1,0,0,0,0,0,-1,0,30,0,0,0,0,0,0,0,0,0,
immaculateMend,巧夺天工,Immaculate Mend,98,112,0,0,0,0,0,buff,1,0,0,0,0,0,-1,0,0,1,1,0,0,0,0,0,0,0,
observe,观察,Observe,13,7,0,0,0,0,0,buff,1,0,0,0,0,0,-1,0,0,0,0,0,0,0,0,0,0,0,
trainedPerfection,工匠的绝技,Trained Perfection,100,0,0,0,0,0,0,buff,1,0,0,0,0,0,-1,0,0,0,1,1,0,0,0,0,0,0,
finalAppraisal,最终确认,Final Appraisal,42,1,0,0,0,0,0,buff,1,0,0,0,0,0,5,5,0,0,0,0,0,0,0,0,0,0,
rapidSynthesis,高速制作,Rapid Synthesis,9,0,0,10,500,0,0,progress,0.5,0,0,0,0,0,-1,0,0,0,0,0,0,0,0,0,0,0,
hastyTouch,仓促,Hasty Touch,9,0,0,10,100,0,0,quality,0.6,0,0,0,0,0,-1,0,0,0,0,0,0,0,0,0,1,0,
daringTouch,冒进,Daring Touch,96,0,0,10,150,0,0,quality,0.6,0,0,0,0,0,-1,0,0,0,0,0,0,0,0,0,0,1,
