quality_pct,hq_pct
0,1
1,1
2,1
3,1
4,1
5,2
6,2
7,2
8,2
9,3
10,3
11,3
12,3
13,4
14,4
15,4
16,4
17,5
18,5
19,5
20,5
21,6
22,6
23,6
24,6
25,7
26,7
27,7
28,7
29,8
30,8
31,8
32,9
33,9
34,9
35,10
36,10
37,10
38,11
39,11
40,11
41,12
42,12
43,12
44,13
45,13
46,13
47,14
48,14
49,14
50,15
51,15
52,15
53,16
54,16
55,17
56,17
57,17
58,18
59,18
60,18
61,19
62,19
63,20
64,20
65,21
66,22
67,23
68,24
69,26
70,28
71,31
72,34
73,38
74,42
75,47
76,52
77,58
78,64
79,68
80,71
81,74
82,76
83,78
84,80
85,81
86,82
87,83
88,84
89,85
90,86
91,87
92,88
93,89
94,90
95,91
96,92
97,94
98,96
99,98
