rlv,recipe_level,difficulty,quality,durability,stars,mask
1,1,19,100,60,0,15
2,2,20,110,60,0,15
3,3,20,120,60,0,15
4,4,21,130,60,0,15
5,5,33,150,60,0,15
6,6,36,170,60,0,15
7,7,37,190,60,0,15
8,8,41,210,60,0,15
9,9,42,230,60,0,15
10,10,45,250,60,0,15
11,11,48,270,60,0,15
12,12,53,290,60,0,15
13,13,54,310,60,0,15
14,14,54,330,60,0,15
15,15,55,360,70,0,15
16,16,63,390,70,0,15
17,17,66,420,70,0,15
18,18,67,450,70,0,15
19,19,68,480,70,0,15
20,20,74,510,70,0,15
21,21,75,540,70,0,15
22,22,75,570,70,0,15
23,23,79,600,70,0,15
24,24,85,630,70,0,15
25,25,89,660,70,0,15
26,26,90,690,70,0,15
27,27,91,720,70,0,15
28,28,100,760,70,0,15
29,29,101,800,70,0,15
30,30,102,850,70,0,15
31,31,106,900,80,0,15
32,32,110,950,80,0,15
33,33,111,1000,80,0,15
34,34,115,1050,80,0,15
35,35,123,1110,80,0,15
36,36,124,1160,80,0,15
37,37,128,1220,80,0,15
38,38,129,1280,80,0,15
39,39,137,1340,80,0,15
40,40,138,1400,80,0,15
41,41,143,1460,80,0,15
42,42,144,1520,80,0,15
43,43,155,1580,80,0,15
44,44,156,1640,80,0,15
45,45,158,1700,80,0,15
46,46,159,1760,80,0,15
47,47,167,1820,80,0,15
48,48,172,1880,80,0,15
49,49,174,1940,80,0,15
50,50,180,2000,80,0,15
51,50,185,2040,80,0,15
52,50,190,2080,80,0,15
53,50,195,2120,80,0,15
54,50,200,2160,80,0,15
55,50,210,2200,80,1,15
56,50,212,2220,80,1,15
57,50,214,2240,80,1,15
58,50,216,2260,80,1,15
59,50,218,2280,80,1,15
60,50,220,2300,80,1,15
61,50,223,2320,80,1,15
62,50,226,2340,80,1,15
63,50,229,2360,80,1,15
64,50,232,2380,80,1,15
65,50,235,2400,80,1,15
66,50,238,2420,80,1,15
67,50,241,2440,80,1,15
68,50,244,2460,80,1,15
69,50,247,2480,80,1,15
70,50,250,2500,80,2,15
71,50,258,2512,80,2,15
72,50,266,2524,80,2,15
73,50,274,2536,80,2,15
74,50,282,2548,80,2,15
75,50,290,2560,80,2,15
76,50,298,2572,80,2,15
77,50,306,2584,80,2,15
78,50,314,2596,80,2,15
79,50,322,2608,80,2,15
80,50,330,2620,80,2,15
81,50,339,2633,80,2,15
82,50,348,2646,80,2,15
83,50,357,2659,80,2,15
84,50,366,2672,80,2,15
85,50,375,2685,80,2,15
86,50,384,2698,80,2,15
87,50,393,2711,80,2,15
88,50,402,2724,80,2,15
89,50,411,2737,80,2,15
90,50,420,2750,80,3,15
91,50,423,2757,80,3,15
92,50,426,2764,80,3,15
93,50,429,2771,80,3,15
94,50,432,2778,80,3,15
95,50,435,2785,80,3,15
96,50,438,2792,80,3,15
97,50,441,2799,80,3,15
98,50,444,2806,80,3,15
99,50,447,2813,80,3,15
100,50,450,2820,80,3,15
101,50,453,2828,80,3,15
102,50,456,2836,80,3,15
103,50,459,2844,80,3,15
104,50,462,2852,80,3,15
105,50,465,2860,80,3,15
106,50,468,2868,80,3,15
107,50,471,2876,80,3,15
108,50,474,2884,80,3,15
109,50,477,2892,80,3,15
110,50,480,2900,80,4,15
111,50,480,2900,80,4,15
112,50,480,2900,80,4,15
113,50,480,2900,80,4,15
114,50,480,2900,80,4,15
115,51,220,2070,80,0,15
116,51,224,2077,80,0,15
117,51,228,2084,80,0,15
118,51,232,2091,80,0,15
119,51,236,2098,80,0,15
120,51,240,2105,80,0,15
121,51,244,2112,80,0,15
122,51,248,2119,80,0,15
123,51,252,2126,80,0,15
124,51,256,2133,80,0,15
125,52,260,2140,80,0,15
126,52,268,2154,80,0,15
127,52,276,2168,80,0,15
128,52,284,2182,80,0,15
129,52,292,2196,80,0,15
130,53,300,2210,80,0,15
131,53,313,2233,80,0,15
132,53,326,2256,80,0,15
133,54,340,2280,80,0,15
134,54,353,2303,80,0,15
135,54,366,2326,80,0,15
136,55,380,2350,70,0,15
137,55,393,2373,70,0,15
138,55,406,2396,70,0,15
139,56,420,2420,70,0,15
140,56,433,2443,70,0,15
141,56,446,2466,70,0,15
142,57,460,2490,70,0,15
143,57,473,2513,70,0,15
144,57,486,2536,70,0,15
145,58,500,2560,70,0,15
146,58,513,2583,70,0,15
147,58,526,2606,70,0,15
148,59,540,2630,70,0,15
149,59,560,2665,70,0,15
150,60,580,2700,70,0,15
151,60,588,2710,70,0,15
152,60,596,2720,70,0,15
153,60,604,2730,70,0,15
154,60,612,2740,70,0,15
155,60,620,2750,70,0,15
156,60,628,2760,70,0,15
157,60,636,2770,70,0,15
158,60,644,2780,70,0,15
159,60,652,2790,70,0,15
160,60,660,2800,70,1,15
161,60,664,2805,70,1,15
162,60,668,2810,70,1,15
163,60,672,2815,70,1,15
164,60,676,2820,70,1,15
165,60,680,2825,70,1,15
166,60,684,2830,70,1,15
167,60,688,2835,70,1,15
168,60,692,2840,70,1,15
169,60,696,2845,70,1,15
170,60,700,2850,70,1,15
171,60,704,2855,70,1,15
172,60,708,2860,70,1,15
173,60,712,2865,70,1,15
174,60,716,2870,70,1,15
175,60,720,2875,70,1,15
176,60,724,2880,70,1,15
177,60,728,2885,70,1,15
178,60,732,2890,70,1,15
179,60,736,2895,70,1,15
180,60,740,2900,70,2,15
181,60,744,2913,70,2,15
182,60,748,2926,70,2,15
183,60,752,2939,70,2,15
184,60,756,2952,70,2,15
185,60,760,2965,70,2,15
186,60,764,2978,70,2,15
187,60,768,2991,70,2,15
188,60,772,3004,70,2,15
189,60,776,3017,70,2,15
190,60,780,3030,70,2,15
191,60,785,3043,70,2,15
192,60,790,3056,70,2,15
193,60,795,3069,70,2,15
194,60,800,3082,70,2,15
195,60,805,3095,70,2,15
196,60,810,3108,70,2,15
197,60,815,3121,70,2,15
198,60,820,3134,70,2,15
199,60,825,3147,70,2,15
200,60,830,3160,70,2,15
201,60,835,3174,70,2,15
202,60,840,3188,70,2,15
203,60,845,3202,70,2,15
204,60,850,3216,70,2,15
205,60,855,3230,70,2,15
206,60,860,3244,70,2,15
207,60,865,3258,70,2,15
208,60,870,3272,70,2,15
209,60,875,3286,70,2,15
210,60,880,3300,70,3,15
211,60,882,3309,70,3,15
212,60,884,3318,70,3,15
213,60,886,3327,70,3,15
214,60,888,3336,70,3,15
215,60,890,3345,70,3,15
216,60,892,3354,70,3,15
217,60,894,3363,70,3,15
218,60,896,3372,70,3,15
219,60,898,3381,70,3,15
220,60,900,3390,70,3,15
221,60,903,3403,70,3,15
222,60,906,3416,70,3,15
223,60,909,3429,70,3,15
224,60,912,3442,70,3,15
225,60,915,3455,70,3,15
226,60,918,3468,70,3,15
227,60,921,3481,70,3,15
228,60,924,3494,70,3,15
229,60,927,3507,70,3,15
230,60,930,3520,70,3,15
231,60,933,3534,70,3,15
232,60,936,3548,70,3,15
233,60,939,3562,70,3,15
234,60,942,3576,70,3,15
235,60,945,3590,70,3,15
236,60,948,3604,70,3,15
237,60,951,3618,70,3,15
238,60,954,3632,70,3,15
239,60,957,3646,70,3,15
240,60,960,3660,70,3,15
241,60,964,3674,70,3,15
242,60,968,3688,70,3,15
243,60,972,3702,70,3,15
244,60,976,3716,70,3,15
245,60,980,3730,70,3,15
246,60,984,3744,70,3,15
247,60,988,3758,70,3,15
248,60,992,3772,70,3,15
249,60,996,3786,70,3,15
250,60,1000,3800,70,4,15
251,60,1000,3800,80,4,15
252,60,1000,3800,80,4,15
253,60,1000,3800,80,4,15
254,60,1000,3800,80,4,15
255,61,630,2790,80,0,15
256,61,635,2799,80,0,15
257,61,640,2808,80,0,15
258,61,645,2817,80,0,15
259,61,650,2826,80,0,15
260,61,655,2835,80,0,15
261,61,660,2844,80,0,15
262,61,665,2853,80,0,15
263,61,670,2862,80,0,15
264,61,675,2871,80,0,15
265,62,680,2880,80,0,15
266,62,690,2898,80,0,15
267,62,700,2916,80,0,15
268,62,710,2934,80,0,15
269,62,720,2952,80,0,15
270,63,730,2970,80,0,15
271,63,746,3000,80,0,15
272,63,763,3030,80,0,15
273,64,780,3060,80,0,15
274,64,796,3090,80,0,15
275,64,813,3120,80,0,15
276,65,830,3150,80,0,15
277,65,846,3180,80,0,15
278,65,863,3210,80,0,15
279,66,880,3240,80,0,15
280,66,896,3270,80,0,15
281,66,913,3300,80,0,15
282,67,930,3330,80,0,15
283,67,946,3360,80,0,15
284,67,963,3390,80,0,15
285,68,980,3420,80,0,15
286,68,996,3450,80,0,15
287,68,1013,3480,80,0,15
288,69,1030,3510,80,0,15
289,69,1055,3555,80,0,15
290,70,1080,3600,80,0,15
291,70,1086,3660,80,0,15
292,70,1092,3720,80,0,15
293,70,1098,3780,80,0,15
294,70,1104,3840,80,0,15
295,70,1110,3900,80,0,15
296,70,1116,3960,80,0,15
297,70,1122,4020,80,0,15
298,70,1128,4080,80,0,15
299,70,1134,4140,80,0,15
300,70,1140,4200,70,1,15
301,70,1143,4230,70,1,15
302,70,1146,4260,70,1,15
303,70,1149,4290,70,1,15
304,70,1152,4320,70,1,15
305,70,1155,4350,70,1,15
306,70,1158,4380,70,1,15
307,70,1161,4410,70,1,15
308,70,1164,4440,70,1,15
309,70,1167,4470,70,1,15
310,70,1170,4500,70,1,15
311,70,1173,4530,70,1,15
312,70,1176,4560,70,1,15
313,70,1179,4590,70,1,15
314,70,1182,4620,70,1,15
315,70,1185,4650,70,1,15
316,70,1188,4680,70,1,15
317,70,1191,4710,70,1,15
318,70,1194,4740,70,1,15
319,70,1197,4770,70,1,15
320,70,1200,4800,70,2,15
321,70,1205,4813,70,2,15
322,70,1210,4826,70,2,15
323,70,1215,4839,70,2,15
324,70,1220,4852,70,2,15
325,70,1225,4865,70,2,15
326,70,1230,4878,70,2,15
327,70,1235,4891,70,2,15
328,70,1240,4904,70,2,15
329,70,1245,4917,70,2,15
330,70,1250,4930,70,2,15
331,70,1255,4943,70,2,15
332,70,1260,4956,70,2,15
333,70,1265,4969,70,2,15
334,70,1270,4982,70,2,15
335,70,1275,4995,70,2,15
336,70,1280,5008,70,2,15
337,70,1285,5021,70,2,15
338,70,1290,5034,70,2,15
339,70,1295,5047,70,2,15
340,70,1300,5060,70,2,15
341,70,1305,5074,70,2,15
342,70,1310,5088,70,2,15
343,70,1315,5102,70,2,15
344,70,1320,5116,70,2,15
345,70,1325,5130,70,2,15
346,70,1330,5144,70,2,15
347,70,1335,5158,70,2,15
348,70,1340,5172,70,2,15
349,70,1345,5186,70,2,15
350,70,1350,5200,70,3,15
351,70,1355,5230,70,3,15
352,70,1360,5260,70,3,15
353,70,1365,5290,70,3,15
354,70,1370,5320,70,3,15
355,70,1375,5350,70,3,15
356,70,1380,5380,70,3,15
357,70,1385,5410,70,3,15
358,70,1390,5440,70,3,15
359,70,1395,5470,70,3,15
360,70,1400,5500,70,3,15
361,70,1405,5530,70,3,15
362,70,1410,5560,70,3,15
363,70,1415,5590,70,3,15
364,70,1420,5620,70,3,15
365,70,1425,5650,70,3,15
366,70,1430,5680,70,3,15
367,70,1435,5710,70,3,15
368,70,1440,5740,70,3,15
369,70,1445,5770,70,3,15
370,70,1450,5800,70,3,15
371,70,1455,5830,70,3,15
372,70,1460,5860,70,3,15
373,70,1465,5890,70,3,15
374,70,1470,5920,70,3,15
375,70,1475,5950,70,3,15
376,70,1480,5980,70,3,15
377,70,1485,6010,70,3,15
378,70,1490,6040,70,3,15
379,70,1495,6070,70,3,15
380,70,1500,6100,70,4,15
381,71,1150,3700,80,0,15
382,71,1155,3707,80,0,15
383,71,1160,3714,80,0,15
384,71,1165,3721,80,0,15
385,71,1170,3728,80,0,15
386,71,1175,3735,80,0,15
387,71,1180,3742,80,0,15
388,71,1185,3749,80,0,15
389,71,1190,3756,80,0,15
390,71,1195,3763,80,0,15
391,71,1200,3770,80,0,15
392,71,1205,3777,80,0,15
393,71,1210,3784,80,0,15
394,71,1215,3792,80,0,15
395,72,1220,3800,80,0,15
396,72,1234,3820,80,0,15
397,72,1248,3840,80,0,15
398,72,1262,3860,80,0,15
399,72,1276,3880,80,0,15
400,73,1290,3900,80,0,15
401,73,1313,3933,80,0,15
402,73,1336,3966,80,0,15
403,74,1360,4000,80,0,15
404,74,1383,4033,80,0,15
405,74,1406,4066,80,0,15
406,75,1430,4100,80,0,15
407,75,1453,4133,80,0,15
408,75,1476,4166,80,0,15
409,76,1500,4200,80,0,15
410,76,1523,4233,80,0,15
411,76,1546,4266,80,0,15
412,77,1570,4300,80,0,15
413,77,1593,4333,80,0,15
414,77,1616,4366,80,0,15
415,78,1640,4400,80,0,15
416,78,1663,4433,80,0,15
417,78,1686,4466,80,0,15
418,79,1710,4500,80,0,15
419,79,1715,4508,80,0,15
420,79,1720,4516,80,0,15
421,79,1726,4524,80,0,15
422,79,1732,4532,80,0,15
423,79,1738,4540,80,0,15
424,79,1744,4548,80,0,15
425,79,1750,4556,80,0,15
426,79,1756,4564,80,0,15
427,79,1762,4573,80,0,15
428,79,1768,4582,80,0,15
429,79,1774,4591,80,0,15
430,80,1780,4600,80,0,15
431,80,1792,4614,70,0,15
432,80,1804,4628,70,0,15
433,80,1816,4642,70,0,15
434,80,1828,4656,70,0,15
435,80,1840,4670,70,0,15
436,80,1852,4684,70,0,15
437,80,1864,4698,70,0,15
438,80,1876,4712,70,0,15
439,80,1888,4726,70,0,15
440,80,1900,6000,70,1,15
441,80,1915,6190,70,1,15
442,80,1930,6380,70,1,15
443,80,1945,6570,70,1,15
444,80,1960,6760,70,1,15
445,80,1975,6950,70,1,15
446,80,1990,7140,70,1,15
447,80,2005,7330,70,1,15
448,80,2020,7520,70,1,15
449,80,2035,7710,70,1,15
450,80,2050,7900,70,2,15
451,80,2075,7920,70,2,15
452,80,2100,7940,70,2,15
453,80,2125,7960,70,2,15
454,80,2150,7980,70,2,15
455,80,2175,8000,70,2,15
456,80,2200,8020,70,2,15
457,80,2225,8040,70,2,15
458,80,2250,8060,70,2,15
459,80,2275,8080,70,2,15
460,80,2300,8100,70,2,15
461,80,2325,8120,70,2,15
462,80,2350,8140,70,2,15
463,80,2375,8160,70,2,15
464,80,2400,8180,70,2,15
465,80,2425,8200,70,2,15
466,80,2450,8220,70,2,15
467,80,2475,8240,70,2,15
468,80,2500,8260,70,2,15
469,80,2525,8280,70,2,15
470,80,2550,8300,70,2,15
471,80,2575,8320,70,2,15
472,80,2600,8340,70,2,15
473,80,2625,8360,70,2,15
474,80,2650,8380,70,2,15
475,80,2675,8400,70,2,15
476,80,2700,8420,70,2,15
477,80,2725,8440,70,2,15
478,80,2750,8460,70,2,15
479,80,2775,8480,70,2,15
480,80,2800,8500,70,3,15
481,80,3856,12323,70,3,115
482,80,2852,8566,70,3,15
483,80,2878,8599,70,3,15
484,80,2904,8632,70,3,15
485,80,2930,8665,70,3,15
486,80,2956,8698,70,3,15
487,80,2982,8731,70,3,15
488,80,3008,8764,70,3,15
489,80,3034,8797,70,3,15
490,80,3060,8830,70,3,15
491,80,3087,8863,70,3,15
492,80,3114,8896,70,3,15
493,80,3141,8929,70,3,15
494,80,3168,8962,70,3,15
495,80,3195,8995,70,3,15
496,80,3222,9028,70,3,15
497,80,3249,9061,70,3,15
498,80,3276,9094,70,3,15
499,80,3303,9127,70,3,15
500,80,3330,9160,70,3,15
501,80,3357,9194,70,3,15
502,80,3384,9228,70,3,15
503,80,3411,9262,70,3,15
504,80,3438,9296,70,3,15
505,80,3465,9330,70,3,15
506,80,3492,9364,70,3,15
507,80,3519,9398,70,3,15
508,80,3546,9432,70,3,15
509,80,3573,9466,70,3,15
510,80,3600,9500,70,4,15
511,80,4672,15656,70,4,115
512,80,4220,14618,70,4,115
513,80,5059,15474,70,4,483
514,80,5077,14321,70,4,115
515,80,5095,14854,70,4,483
516,80,5470,16156,70,5,499
517,81,2000,5200,80,0,15
518,81,2100,5300,80,0,15
519,81,2200,5500,80,0,15
520,82,2300,5700,80,0,15
521,82,2350,5800,80,0,15
522,82,2400,5900,80,0,15
523,82,2450,6000,80,0,15
524,82,2500,6100,80,0,15
525,83,2600,6200,80,0,15
526,83,2660,6280,80,0,15
527,83,2720,6360,80,0,15
528,83,2780,6440,80,0,15
529,83,2840,6520,80,0,15
530,84,2900,6600,80,0,15
531,84,2920,6620,80,0,15
532,84,2940,6640,80,0,15
533,84,2960,6660,80,0,15
534,84,2980,6680,80,0,15
535,85,3000,6700,80,0,15
536,85,3020,6720,80,0,15
537,85,3040,6740,80,0,15
538,85,3060,6760,80,0,15
539,85,3080,6780,80,0,15
540,86,3100,6800,80,0,15
541,86,3120,6820,80,0,15
542,86,3140,6840,80,0,15
543,86,3160,6860,80,0,15
544,86,3180,6880,80,0,15
545,87,3200,6900,80,0,15
546,87,3220,6920,80,0,15
547,87,3240,6940,80,0,15
548,87,3260,6960,80,0,15
549,87,3280,6980,80,0,15
550,88,3300,7000,80,0,15
551,88,3320,7020,80,0,15
552,88,3340,7040,80,0,15
553,88,3360,7060,80,0,15
554,88,3380,7080,80,0,15
555,89,3400,7100,80,0,15
556,89,3420,7120,80,0,15
557,89,3440,7140,80,0,15
558,89,3460,7160,80,0,15
559,89,3480,7180,80,0,15
560,90,3500,7200,80,0,15
561,90,3520,7220,80,0,15
562,90,3540,7240,80,0,15
563,90,3560,7260,80,0,15
564,90,3580,7280,80,0,15
565,90,3600,7300,80,0,15
566,90,3620,7320,80,0,15
567,90,3640,7340,80,0,15
568,90,3660,7360,80,0,15
569,90,3680,7380,80,0,15
570,90,3700,7400,80,1,15
571,90,3720,7440,80,1,15
572,90,3740,7480,80,1,15
573,90,3760,7520,80,1,15
574,90,3780,7560,80,1,15
575,90,3800,7600,80,1,15
576,90,3820,7640,80,1,15
577,90,3840,7680,80,1,15
578,90,3860,7720,80,1,15
579,90,3880,7760,80,1,15
580,90,3900,7800,70,2,15
581,90,3940,7820,70,2,15
582,90,3980,7840,70,2,15
583,90,4020,7860,70,2,15
584,90,4060,7880,70,2,15
585,90,4100,7900,70,2,15
586,90,4140,7920,70,2,15
587,90,4180,7940,70,2,15
588,90,4220,7960,70,2,15
589,90,4260,7980,70,2,15
590,90,4300,8000,70,2,15
591,90,4400,8010,70,2,15
592,90,4400,8020,70,2,15
593,90,4400,8030,70,2,15
594,90,4400,8040,70,2,15
595,90,4400,8050,70,2,15
596,90,4400,8060,70,2,15
597,90,4400,8070,70,2,15
598,90,4400,8080,70,2,15
599,90,4400,8090,70,2,15
600,90,4400,8100,70,2,15
601,90,4400,8110,70,2,15
602,90,4400,8120,70,2,15
603,90,4400,8130,70,2,15
604,90,4400,8140,70,2,15
605,90,4400,8150,70,2,15
606,90,4400,8160,70,2,15
607,90,4400,8170,70,2,15
608,90,4400,8180,70,2,15
609,90,4400,8190,70,2,15
610,90,4400,8200,70,3,15
611,90,7480,13620,70,3,435
612,90,4400,8440,70,3,15
613,90,4400,8460,70,3,15
614,90,4400,8480,70,3,15
615,90,4400,8500,70,3,15
616,90,4400,8520,70,3,15
617,90,4400,8540,70,3,15
618,90,4400,8560,70,3,15
619,90,4400,8580,70,3,15
620,90,4400,8600,70,3,15
621,90,4400,8620,60,3,499
622,90,4400,8640,70,3,15
623,90,4400,8660,70,3,15
624,90,4400,8680,70,3,15
625,90,4400,8700,70,3,15
626,90,4400,8720,70,3,15
627,90,4400,8740,70,3,15
628,90,4400,8760,70,3,15
629,90,4400,8780,70,3,15
630,90,4400,8800,70,3,15
631,90,4400,8820,70,3,15
632,90,4400,8840,70,3,15
633,90,4400,8860,70,3,15
634,90,4400,8880,70,3,15
635,90,4400,8900,70,3,15
636,90,4400,8920,70,3,15
637,90,4400,8940,70,3,15
638,90,4400,8960,70,3,15
639,90,4400,8980,70,3,15
640,90,4400,9000,70,4,15
641,90,4400,9020,60,4,995
642,90,4400,9040,70,4,627
643,90,4400,9060,70,4,995
644,90,4400,9080,70,5,1011
645,90,4400,9100,70,4,15
646,90,4400,9120,70,4,15
647,90,4400,9140,70,4,15
648,90,4400,9160,70,4,15
649,90,4400,9180,70,4,15
650,91,4000,8200,80,0,15
651,91,4083,8333,80,0,15
652,91,4166,8466,80,0,15
653,92,4250,8600,80,0,15
654,92,4333,8733,80,0,15
655,92,4416,8866,80,0,15
656,93,4500,9000,80,0,15
657,93,4575,9100,80,0,15
658,93,4650,9200,80,0,15
659,93,4725,9300,80,0,15
660,94,4800,9400,80,0,15
661,94,4860,9480,80,0,15
662,94,4920,9560,80,0,15
663,94,4980,9640,80,0,15
664,94,5040,9720,80,0,15
665,95,5100,9800,80,0,15
666,95,5160,9880,80,0,15
667,95,5220,9960,80,0,15
668,95,5280,10040,80,0,15
669,95,5340,10120,80,0,15
670,96,5400,10200,80,0,15
671,96,5460,10280,80,0,15
672,96,5520,10360,80,0,15
673,96,5580,10440,80,0,15
674,96,5640,10520,80,0,15
675,97,5700,10600,80,0,15
676,97,5760,10680,80,0,15
677,97,5820,10760,80,0,15
678,97,5880,10840,80,0,15
679,97,5940,10920,80,0,15
680,98,6000,11000,80,0,15
681,98,6060,11080,80,0,15
682,98,6120,11160,80,0,15
683,98,6180,11240,80,0,15
684,98,6240,11320,80,0,15
685,99,6300,11400,80,0,15
686,99,6360,11520,80,0,15
687,99,6420,11640,80,0,15
688,99,6480,11760,80,0,15
689,99,6540,11880,80,0,15
690,100,6600,12000,80,0,15
691,100,6600,12000,80,0,15
692,100,6600,12000,80,0,15
693,100,6600,12000,80,0,15
694,100,6600,12000,80,0,15
695,100,6600,12000,80,0,15
696,100,6600,12000,80,0,15
697,100,6600,12000,80,0,15
698,100,6600,12000,80,0,15
699,100,6600,12000,80,0,15
700,100,6600,12000,70,1,15
701,100,10000,10000,80,1,15
702,100,10000,10000,80,1,115
703,100,10000,10000,80,1,115
704,100,10000,10000,80,1,19
705,100,10000,10000,80,1,67
706,100,10000,10000,80,1,35
707,100,6600,12000,80,1,15
708,100,6600,12000,80,1,15
709,100,6600,12000,80,1,15
710,100,7500,15000,70,2,15
711,100,6600,12000,70,2,15
712,100,6600,12000,70,2,15
713,100,6600,12000,70,2,15
714,100,6600,12000,70,2,15
715,100,6600,12000,70,2,15
716,100,6600,12000,70,2,15
717,100,6600,12000,70,2,15
718,100,6600,12000,70,2,15
719,100,6600,12000,70,2,15
720,100,8050,17600,70,2,15
721,100,10000,10000,80,2,15
722,100,10000,10000,80,2,627
723,100,10000,10000,80,2,627
724,100,10000,10000,80,2,515
725,100,10000,10000,80,2,259
726,100,10000,10000,80,2,131
727,100,10000,10000,80,2,1363
728,100,10000,10000,80,2,499
729,100,10000,10000,80,2,1491
730,100,6600,12000,70,2,15
731,100,6600,12000,70,2,15
732,100,6600,12000,70,2,15
733,100,6600,12000,70,2,15
734,100,6600,12000,70,2,15
735,100,6600,12000,70,2,15
736,100,6600,12000,70,2,15
737,100,6600,12000,70,2,15
738,100,6600,12000,70,2,15
739,100,6600,12000,70,2,15
740,100,9000,18700,70,3,15
741,100,10000,10000,80,3,15
742,100,10000,10000,80,3,995
743,100,10000,10000,80,3,995
744,100,10000,10000,80,3,995
745,100,10000,25000,80,3,1011
746,100,10000,10000,80,3,243
747,100,10000,10000,80,3,435
748,100,10000,10000,80,3,1011
749,100,6600,12000,80,3,15
750,100,9000,19000,70,3,15
751,100,10000,10000,80,3,995
752,100,10000,10000,80,3,499
753,100,10000,10000,80,3,243
754,100,10000,10000,80,3,435
755,100,10000,10000,80,3,1011
756,100,10000,10000,80,3,1491
757,100,10000,10000,80,3,1459
758,100,10000,10000,80,3,1011
759,100,10000,10000,80,3,1523
760,100,6600,12000,70,3,15
761,100,6600,12000,70,3,15
762,100,6600,12000,70,3,15
763,100,6600,12000,70,3,15
764,100,6600,12000,70,3,15
765,100,6600,12000,70,3,15
766,100,6600,12000,70,3,15
767,100,6600,12000,70,3,15
768,100,6600,12000,70,3,15
769,100,6600,12000,80,3,1523
770,100,10040,21200,70,4,15
771,100,10000,10000,80,4,15
772,100,10000,10000,80,4,1491
773,100,10000,10000,80,4,1523
774,100,10000,10000,80,4,995
775,100,10000,10000,80,4,515
776,100,11250,31520,80,5,1523
777,100,6600,12000,70,4,15
778,100,6600,12000,70,4,15
779,100,6600,12000,70,4,15
780,100,6600,12000,70,4,15
