rlv,pd,qd,pm_pct,qm_pct,mask,stars
1,50,30,100,100,15,0
2,50,30,100,100,15,0
3,50,30,100,100,15,0
4,50,30,100,100,15,0
5,50,30,100,100,15,0
6,50,30,100,100,15,0
7,50,30,100,100,15,0
8,50,30,100,100,15,0
9,50,30,100,100,15,0
10,50,30,100,100,15,0
11,50,30,100,100,15,0
12,50,30,100,100,15,0
13,50,30,100,100,15,0
14,50,30,100,100,15,0
15,50,30,100,100,15,0
16,50,30,100,100,15,0
17,50,30,100,100,15,0
18,50,30,100,100,15,0
19,50,30,100,100,15,0
20,50,30,100,100,15,0
21,50,30,100,100,15,0
22,50,30,100,100,15,0
23,50,30,100,100,15,0
24,50,30,100,100,15,0
25,50,30,100,100,15,0
26,50,30,100,100,15,0
27,50,30,100,100,15,0
28,50,30,100,100,15,0
29,50,30,100,100,15,0
30,50,30,100,100,15,0
31,50,30,100,100,15,0
32,50,30,100,100,15,0
33,50,30,100,100,15,0
34,50,30,100,100,15,0
35,50,30,100,100,15,0
36,50,30,100,100,15,0
37,50,30,100,100,15,0
38,50,30,100,100,15,0
39,50,30,100,100,15,0
40,50,30,100,100,15,0
41,50,30,100,100,15,0
42,50,30,100,100,15,0
43,50,30,100,100,15,0
44,50,30,100,100,15,0
45,50,30,100,100,15,0
46,50,30,100,100,15,0
47,50,30,100,100,15,0
48,50,30,100,100,15,0
49,50,30,100,100,15,0
50,50,30,100,100,15,0
51,50,30,100,100,15,0
52,50,30,100,100,15,0
53,50,30,100,100,15,0
54,50,30,100,100,15,0
55,50,30,100,100,15,1
56,50,30,100,100,15,1
57,50,30,100,100,15,1
58,50,30,100,100,15,1
59,50,30,100,100,15,1
60,50,30,100,100,15,1
61,50,30,100,100,15,1
62,50,30,100,100,15,1
63,50,30,100,100,15,1
64,50,30,100,100,15,1
65,50,30,100,100,15,1
66,50,30,100,100,15,1
67,50,30,100,100,15,1
68,50,30,100,100,15,1
69,50,30,100,100,15,1
70,50,30,80,70,15,2
71,50,30,80,70,15,2
72,50,30,80,70,15,2
73,50,30,80,70,15,2
74,50,30,80,70,15,2
75,50,30,80,70,15,2
76,50,30,80,70,15,2
77,50,30,80,70,15,2
78,50,30,80,70,15,2
79,50,30,80,70,15,2
80,50,30,80,70,15,2
81,50,30,80,70,15,2
82,50,30,80,70,15,2
83,50,30,80,70,15,2
84,50,30,80,70,15,2
85,50,30,80,70,15,2
86,50,30,80,70,15,2
87,50,30,80,70,15,2
88,50,30,80,70,15,2
89,50,30,80,70,15,2
90,50,30,80,70,15,3
91,50,30,80,70,15,3
92,50,30,80,70,15,3
93,50,30,80,70,15,3
94,50,30,80,70,15,3
95,50,30,80,70,15,3
96,50,30,80,70,15,3
97,50,30,80,70,15,3
98,50,30,80,70,15,3
99,50,30,80,70,15,3
100,50,30,80,70,15,3
101,50,30,80,70,15,3
102,50,30,80,70,15,3
103,50,30,80,70,15,3
104,50,30,80,70,15,3
105,50,30,80,70,15,3
106,50,30,80,70,15,3
107,50,30,80,70,15,3
108,50,30,80,70,15,3
109,50,30,80,70,15,3
110,50,30,80,70,15,4
111,50,30,80,70,15,4
112,50,30,80,70,15,4
113,50,30,80,70,15,4
114,50,30,80,70,15,4
115,61,39,100,100,15,0
116,61,39,100,100,15,0
117,61,39,100,100,15,0
118,61,39,100,100,15,0
119,61,39,100,100,15,0
120,61,39,100,100,15,0
121,61,39,100,100,15,0
122,61,39,100,100,15,0
123,61,39,100,100,15,0
124,61,39,100,100,15,0
125,62,43,100,100,15,0
126,62,43,100,100,15,0
127,62,43,100,100,15,0
128,62,43,100,100,15,0
129,62,43,100,100,15,0
130,63,43,100,100,15,0
131,63,43,100,100,15,0
132,63,43,100,100,15,0
133,64,44,100,100,15,0
134,64,44,100,100,15,0
135,64,44,100,100,15,0
136,65,45,100,100,15,0
137,65,45,100,100,15,0
138,65,45,100,100,15,0
139,66,46,100,100,15,0
140,66,46,100,100,15,0
141,66,46,100,100,15,0
142,67,47,100,100,15,0
143,67,47,100,100,15,0
144,67,47,100,100,15,0
145,68,48,100,100,15,0
146,68,48,100,100,15,0
147,68,48,100,100,15,0
148,69,49,100,100,15,0
149,69,49,100,100,15,0
150,70,50,100,100,15,0
151,70,50,100,100,15,0
152,70,50,100,100,15,0
153,70,50,100,100,15,0
154,70,50,100,100,15,0
155,70,50,100,100,15,0
156,70,50,100,100,15,0
157,70,50,100,100,15,0
158,70,50,100,100,15,0
159,70,50,100,100,15,0
160,70,50,100,100,15,1
161,70,50,100,100,15,1
162,70,50,100,100,15,1
163,70,50,100,100,15,1
164,70,50,100,100,15,1
165,70,50,100,100,15,1
166,70,50,100,100,15,1
167,70,50,100,100,15,1
168,70,50,100,100,15,1
169,70,50,100,100,15,1
170,70,50,100,100,15,1
171,70,50,100,100,15,1
172,70,50,100,100,15,1
173,70,50,100,100,15,1
174,70,50,100,100,15,1
175,70,50,100,100,15,1
176,70,50,100,100,15,1
177,70,50,100,100,15,1
178,70,50,100,100,15,1
179,70,50,100,100,15,1
180,70,50,80,70,15,2
181,70,50,80,70,15,2
182,70,50,80,70,15,2
183,70,50,80,70,15,2
184,70,50,80,70,15,2
185,70,50,80,70,15,2
186,70,50,80,70,15,2
187,70,50,80,70,15,2
188,70,50,80,70,15,2
189,70,50,80,70,15,2
190,70,50,80,70,15,2
191,70,50,80,70,15,2
192,70,50,80,70,15,2
193,70,50,80,70,15,2
194,70,50,80,70,15,2
195,70,50,80,70,15,2
196,70,50,80,70,15,2
197,70,50,80,70,15,2
198,70,50,80,70,15,2
199,70,50,80,70,15,2
200,70,50,80,70,15,2
201,70,50,80,70,15,2
202,70,50,80,70,15,2
203,70,50,80,70,15,2
204,70,50,80,70,15,2
205,70,50,80,70,15,2
206,70,50,80,70,15,2
207,70,50,80,70,15,2
208,70,50,80,70,15,2
209,70,50,80,70,15,2
210,70,50,80,70,15,3
211,70,50,80,70,15,3
212,70,50,80,70,15,3
213,70,50,80,70,15,3
214,70,50,80,70,15,3
215,70,50,80,70,15,3
216,70,50,80,70,15,3
217,70,50,80,70,15,3
218,70,50,80,70,15,3
219,70,50,80,70,15,3
220,70,50,80,70,15,3
221,70,50,80,70,15,3
222,70,50,80,70,15,3
223,70,50,80,70,15,3
224,70,50,80,70,15,3
225,70,50,80,70,15,3
226,70,50,80,70,15,3
227,70,50,80,70,15,3
228,70,50,80,70,15,3
229,70,50,80,70,15,3
230,70,50,80,70,15,3
231,70,50,80,70,15,3
232,70,50,80,70,15,3
233,70,50,80,70,15,3
234,70,50,80,70,15,3
235,70,50,80,70,15,3
236,70,50,80,70,15,3
237,70,50,80,70,15,3
238,70,50,80,70,15,3
239,70,50,80,70,15,3
240,70,50,80,70,15,3
241,70,50,80,70,15,3
242,70,50,80,70,15,3
243,70,50,80,70,15,3
244,70,50,80,70,15,3
245,70,50,80,70,15,3
246,70,50,80,70,15,3
247,70,50,80,70,15,3
248,70,50,80,70,15,3
249,70,50,80,70,15,3
250,70,50,80,70,15,4
251,70,50,80,70,15,4
252,70,50,80,70,15,4
253,70,50,80,70,15,4
254,70,50,80,70,15,4
255,81,58,100,100,15,0
256,81,58,100,100,15,0
257,81,58,100,100,15,0
258,81,58,100,100,15,0
259,81,58,100,100,15,0
260,81,58,100,100,15,0
261,81,58,100,100,15,0
262,81,58,100,100,15,0
263,81,58,100,100,15,0
264,81,58,100,100,15,0
265,82,61,100,100,15,0
266,82,61,100,100,15,0
267,82,61,100,100,15,0
268,82,61,100,100,15,0
269,82,61,100,100,15,0
270,83,64,100,100,15,0
271,83,64,100,100,15,0
272,83,64,100,100,15,0
273,84,65,100,100,15,0
274,84,65,100,100,15,0
275,84,65,100,100,15,0
276,85,66,100,100,15,0
277,85,66,100,100,15,0
278,85,66,100,100,15,0
279,86,66,100,100,15,0
280,86,66,100,100,15,0
281,86,66,100,100,15,0
282,87,68,100,100,15,0
283,87,68,100,100,15,0
284,87,68,100,100,15,0
285,88,68,100,100,15,0
286,88,68,100,100,15,0
287,88,68,100,100,15,0
288,89,68,100,100,15,0
289,89,68,100,100,15,0
290,90,70,100,100,15,0
291,90,70,100,100,15,0
292,90,70,100,100,15,0
293,90,70,100,100,15,0
294,90,70,100,100,15,0
295,90,70,100,100,15,0
296,90,70,100,100,15,0
297,90,70,100,100,15,0
298,90,70,100,100,15,0
299,90,70,100,100,15,0
300,90,70,100,100,15,1
301,90,70,100,100,15,1
302,90,70,100,100,15,1
303,90,70,100,100,15,1
304,90,70,100,100,15,1
305,90,70,100,100,15,1
306,90,70,100,100,15,1
307,90,70,100,100,15,1
308,90,70,100,100,15,1
309,90,70,100,100,15,1
310,90,70,100,100,15,1
311,90,70,100,100,15,1
312,90,70,100,100,15,1
313,90,70,100,100,15,1
314,90,70,100,100,15,1
315,90,70,100,100,15,1
316,90,70,100,100,15,1
317,90,70,100,100,15,1
318,90,70,100,100,15,1
319,90,70,100,100,15,1
320,90,70,80,70,15,2
321,90,70,80,70,15,2
322,90,70,80,70,15,2
323,90,70,80,70,15,2
324,90,70,80,70,15,2
325,90,70,80,70,15,2
326,90,70,80,70,15,2
327,90,70,80,70,15,2
328,90,70,80,70,15,2
329,90,70,80,70,15,2
330,90,70,80,70,15,2
331,90,70,80,70,15,2
332,90,70,80,70,15,2
333,90,70,80,70,15,2
334,90,70,80,70,15,2
335,90,70,80,70,15,2
336,90,70,80,70,15,2
337,90,70,80,70,15,2
338,90,70,80,70,15,2
339,90,70,80,70,15,2
340,90,70,80,70,15,2
341,90,70,80,70,15,2
342,90,70,80,70,15,2
343,90,70,80,70,15,2
344,90,70,80,70,15,2
345,90,70,80,70,15,2
346,90,70,80,70,15,2
347,90,70,80,70,15,2
348,90,70,80,70,15,2
349,90,70,80,70,15,2
350,90,70,80,70,15,3
351,90,70,80,70,15,3
352,90,70,80,70,15,3
353,90,70,80,70,15,3
354,90,70,80,70,15,3
355,90,70,80,70,15,3
356,90,70,80,70,15,3
357,90,70,80,70,15,3
358,90,70,80,70,15,3
359,90,70,80,70,15,3
360,90,70,80,70,15,3
361,90,70,80,70,15,3
362,90,70,80,70,15,3
363,90,70,80,70,15,3
364,90,70,80,70,15,3
365,90,70,80,70,15,3
366,90,70,80,70,15,3
367,90,70,80,70,15,3
368,90,70,80,70,15,3
369,90,70,80,70,15,3
370,90,70,80,70,15,3
371,90,70,80,70,15,3
372,90,70,80,70,15,3
373,90,70,80,70,15,3
374,90,70,80,70,15,3
375,90,70,80,70,15,3
376,90,70,80,70,15,3
377,90,70,80,70,15,3
378,90,70,80,70,15,3
379,90,70,80,70,15,3
380,90,70,80,70,15,4
381,101,81,100,100,15,0
382,101,81,100,100,15,0
383,101,81,100,100,15,0
384,101,81,100,100,15,0
385,101,81,100,100,15,0
386,101,81,100,100,15,0
387,101,81,100,100,15,0
388,101,81,100,100,15,0
389,101,81,100,100,15,0
390,101,81,100,100,15,0
391,101,81,100,100,15,0
392,101,81,100,100,15,0
393,101,81,100,100,15,0
394,101,81,100,100,15,0
395,102,82,100,100,15,0
396,102,82,100,100,15,0
397,102,82,100,100,15,0
398,102,82,100,100,15,0
399,102,82,100,100,15,0
400,103,83,100,100,15,0
401,103,83,100,100,15,0
402,103,83,100,100,15,0
403,104,84,100,100,15,0
404,104,84,100,100,15,0
405,104,84,100,100,15,0
406,105,85,100,100,15,0
407,105,85,100,100,15,0
408,105,85,100,100,15,0
409,106,86,100,100,15,0
410,106,86,100,100,15,0
411,106,86,100,100,15,0
412,107,87,100,100,15,0
413,107,87,100,100,15,0
414,107,87,100,100,15,0
415,108,88,100,100,15,0
416,108,88,100,100,15,0
417,108,88,100,100,15,0
418,109,89,100,100,15,0
419,109,89,100,100,15,0
420,109,89,100,100,15,0
421,109,89,100,100,15,0
422,109,89,100,100,15,0
423,109,89,100,100,15,0
424,109,89,100,100,15,0
425,109,89,100,100,15,0
426,109,89,100,100,15,0
427,109,89,100,100,15,0
428,109,89,100,100,15,0
429,109,89,100,100,15,0
430,110,90,100,100,15,0
431,110,90,100,100,15,0
432,110,90,100,100,15,0
433,110,90,100,100,15,0
434,110,90,100,100,15,0
435,110,90,100,100,15,0
436,110,90,100,100,15,0
437,110,90,100,100,15,0
438,110,90,100,100,15,0
439,110,90,100,100,15,0
440,110,90,100,100,15,1
441,110,90,100,100,15,1
442,110,90,100,100,15,1
443,110,90,100,100,15,1
444,110,90,100,100,15,1
445,110,90,100,100,15,1
446,110,90,100,100,15,1
447,110,90,100,100,15,1
448,110,90,100,100,15,1
449,110,90,100,100,15,1
450,110,90,80,70,15,2
451,110,90,80,70,15,2
452,110,90,80,70,15,2
453,110,90,80,70,15,2
454,110,90,80,70,15,2
455,110,90,80,70,15,2
456,110,90,80,70,15,2
457,110,90,80,70,15,2
458,110,90,80,70,15,2
459,110,90,80,70,15,2
460,110,90,80,70,15,2
461,110,90,80,70,15,2
462,110,90,80,70,15,2
463,110,90,80,70,15,2
464,110,90,80,70,15,2
465,110,90,80,70,15,2
466,110,90,80,70,15,2
467,110,90,80,70,15,2
468,110,90,80,70,15,2
469,110,90,80,70,15,2
470,110,90,80,70,15,2
471,140,90,100,100,15,2
472,110,90,80,70,15,2
473,110,90,80,70,15,2
474,110,90,80,70,15,2
475,110,90,80,70,15,2
476,110,90,80,70,15,2
477,110,90,80,70,15,2
478,110,90,80,70,15,2
479,110,90,80,70,15,2
480,110,90,80,70,15,3
481,140,130,100,100,115,3
482,110,90,80,70,15,3
483,110,90,80,70,15,3
484,110,90,80,70,15,3
485,110,90,80,70,15,3
486,110,90,80,70,15,3
487,110,90,80,70,15,3
488,110,90,80,70,15,3
489,110,90,80,70,15,3
490,110,90,80,70,15,3
491,110,90,80,70,15,3
492,110,90,80,70,15,3
493,110,90,80,70,15,3
494,110,90,80,70,15,3
495,110,90,80,70,15,3
496,110,90,80,70,15,3
497,110,90,80,70,15,3
498,110,90,80,70,15,3
499,110,90,80,70,15,3
500,110,90,80,70,15,3
501,110,90,80,70,15,3
502,110,90,80,70,15,3
503,110,90,80,70,15,3
504,110,90,80,70,15,3
505,110,90,80,70,15,3
506,110,90,80,70,15,3
507,110,90,80,70,15,3
508,110,90,80,70,15,3
509,110,90,80,70,15,3
510,110,90,80,70,15,4
511,140,130,100,100,115,4
512,140,130,100,100,115,4
513,140,130,100,100,483,4
514,140,130,100,100,115,4
515,140,130,100,100,483,4
516,140,130,100,100,499,5
517,121,105,100,100,15,0
518,121,105,100,100,15,0
519,121,105,100,100,15,0
520,122,106,100,100,15,0
521,122,106,100,100,15,0
522,122,106,100,100,15,0
523,122,106,100,100,15,0
524,122,106,100,100,15,0
525,123,107,100,100,15,0
526,123,107,100,100,15,0
527,123,107,100,100,15,0
528,123,107,100,100,15,0
529,123,107,100,100,15,0
530,124,108,100,100,15,0
531,124,108,100,100,15,0
532,124,108,100,100,15,0
533,124,108,100,100,15,0
534,124,108,100,100,15,0
535,125,109,100,100,15,0
536,125,109,100,100,15,0
537,125,109,100,100,15,0
538,125,109,100,100,15,0
539,125,109,100,100,15,0
540,126,110,100,100,15,0
541,126,110,100,100,15,0
542,126,110,100,100,15,0
543,126,110,100,100,15,0
544,126,110,100,100,15,0
545,127,111,100,100,15,0
546,127,111,100,100,15,0
547,127,111,100,100,15,0
548,127,111,100,100,15,0
549,127,111,100,100,15,0
550,128,112,100,100,15,0
551,128,112,100,100,15,0
552,128,112,100,100,15,0
553,128,112,100,100,15,0
554,128,112,100,100,15,0
555,129,113,100,100,15,0
556,129,113,100,100,15,0
557,129,113,100,100,15,0
558,129,113,100,100,15,0
559,129,113,100,100,15,0
560,130,115,90,80,15,0
561,130,115,90,80,15,0
562,130,115,90,80,15,0
563,130,115,90,80,15,0
564,130,115,90,80,15,0
565,130,115,90,80,15,0
566,130,115,90,80,15,0
567,130,115,90,80,15,0
568,130,115,90,80,15,0
569,130,115,90,80,15,0
570,130,115,90,80,15,1
571,130,115,90,80,15,1
572,130,115,90,80,15,1
573,130,115,90,80,15,1
574,130,115,90,80,15,1
575,130,115,90,80,15,1
576,130,115,90,80,15,1
577,130,115,90,80,15,1
578,130,115,90,80,15,1
579,130,115,90,80,15,1
580,130,115,80,70,15,2
581,130,115,80,70,15,2
582,130,115,80,70,15,2
583,130,115,80,70,15,2
584,130,115,80,70,15,2
585,130,115,80,70,15,2
586,130,115,80,70,15,2
587,130,115,80,70,15,2
588,130,115,80,70,15,2
589,130,115,80,70,15,2
590,130,115,80,70,15,2
591,130,115,80,70,15,2
592,130,115,80,70,15,2
593,130,115,80,70,15,2
594,130,115,80,70,15,2
595,130,115,80,70,15,2
596,130,115,80,70,15,2
597,130,115,80,70,15,2
598,130,115,80,70,15,2
599,130,115,80,70,15,2
600,130,115,80,70,15,2
601,130,115,80,70,15,2
602,130,115,80,70,15,2
603,130,115,80,70,15,2
604,130,115,80,70,15,2
605,130,115,80,70,15,2
606,130,115,80,70,15,2
607,130,115,80,70,15,2
608,130,115,80,70,15,2
609,130,115,80,70,15,2
610,130,115,80,70,15,3
611,180,180,100,100,435,3
612,130,115,80,70,15,3
613,130,115,80,70,15,3
614,130,115,80,70,15,3
615,130,115,80,70,15,3
616,130,115,80,70,15,3
617,130,115,80,70,15,3
618,130,115,80,70,15,3
619,130,115,80,70,15,3
620,130,115,80,70,15,3
621,180,180,100,100,499,3
622,130,115,80,70,15,3
623,130,115,80,70,15,3
624,130,115,80,70,15,3
625,130,115,80,70,15,3
626,130,115,80,70,15,3
627,130,115,80,70,15,3
628,130,115,80,70,15,3
629,130,115,80,70,15,3
630,130,115,80,70,15,3
631,130,115,80,70,15,3
632,130,115,80,70,15,3
633,130,115,80,70,15,3
634,130,115,80,70,15,3
635,130,115,80,70,15,3
636,130,115,80,70,15,3
637,130,115,80,70,15,3
638,130,115,80,70,15,3
639,130,115,80,70,15,3
640,130,115,80,70,15,4
641,180,180,100,100,995,4
642,180,180,100,100,627,4
643,180,180,100,100,995,4
644,180,180,100,100,1011,5
645,130,115,100,100,15,4
646,130,115,100,100,15,4
647,130,115,100,100,15,4
648,130,115,100,100,15,4
649,130,115,100,100,15,4
650,143,123,100,100,15,0
651,143,123,100,100,15,0
652,143,123,100,100,15,0
653,146,126,100,100,15,0
654,146,126,100,100,15,0
655,146,126,100,100,15,0
656,149,129,100,100,15,0
657,149,129,100,100,15,0
658,149,129,100,100,15,0
659,149,129,100,100,15,0
660,152,132,100,100,15,0
661,152,132,100,100,15,0
662,152,132,100,100,15,0
663,152,132,100,100,15,0
664,152,132,100,100,15,0
665,155,135,100,100,15,0
666,155,135,100,100,15,0
667,155,135,100,100,15,0
668,155,135,100,100,15,0
669,155,135,100,100,15,0
670,158,138,100,100,15,0
671,158,138,100,100,15,0
672,158,138,100,100,15,0
673,158,138,100,100,15,0
674,158,138,100,100,15,0
675,161,141,100,100,15,0
676,161,141,100,100,15,0
677,161,141,100,100,15,0
678,161,141,100,100,15,0
679,161,141,100,100,15,0
680,164,144,100,100,15,0
681,164,144,100,100,15,0
682,164,144,100,100,15,0
683,164,144,100,100,15,0
684,164,144,100,100,15,0
685,167,147,100,100,15,0
686,167,147,100,100,15,0
687,167,147,100,100,15,0
688,167,147,100,100,15,0
689,167,147,100,100,15,0
690,170,150,90,75,15,0
691,170,150,90,75,15,0
692,170,150,90,75,15,0
693,170,150,90,75,15,0
694,170,150,90,75,15,0
695,170,150,90,75,15,0
696,170,150,90,75,15,0
697,170,150,90,75,15,0
698,170,150,90,75,15,0
699,170,150,90,75,15,0
700,170,150,90,75,15,1
701,170,150,90,75,15,1
702,180,180,100,100,115,1
703,180,180,100,100,115,1
704,170,150,90,75,19,1
705,170,150,90,75,67,1
706,170,150,90,75,35,1
707,170,150,90,75,15,1
708,170,150,90,75,15,1
709,170,150,90,75,15,1
710,170,150,90,75,15,2
711,170,150,90,75,15,2
712,170,150,90,75,15,2
713,170,150,90,75,15,2
714,170,150,90,75,15,2
715,170,150,90,75,15,2
716,170,150,90,75,15,2
717,170,150,90,75,15,2
718,170,150,90,75,15,2
719,170,150,90,75,15,2
720,170,150,90,75,15,2
721,170,150,90,75,15,2
722,180,180,100,100,627,2
723,180,180,100,100,627,2
724,170,150,90,75,515,2
725,170,150,90,75,259,2
726,170,150,90,75,131,2
727,180,180,100,100,1363,2
728,180,180,100,100,499,2
729,180,180,100,100,1491,2
730,170,150,90,75,15,2
731,170,150,90,75,15,2
732,170,150,90,75,15,2
733,170,150,90,75,15,2
734,170,150,90,75,15,2
735,170,150,90,75,15,2
736,170,150,90,75,15,2
737,170,150,90,75,15,2
738,170,150,90,75,15,2
739,170,150,90,75,15,2
740,170,150,90,75,15,3
741,170,150,90,75,15,3
742,180,180,100,100,995,3
743,180,180,100,100,995,3
744,180,180,100,100,995,3
745,170,150,100,100,1011,3
746,180,180,100,100,243,3
747,180,180,100,100,435,3
748,180,180,100,100,1011,3
749,170,150,90,75,15,3
750,170,150,90,75,15,3
751,170,150,90,75,995,3
752,180,180,100,100,499,3
753,180,180,100,100,243,3
754,180,180,100,100,435,3
755,180,180,100,100,1011,3
756,180,180,100,100,1491,3
757,180,180,100,100,1459,3
758,180,180,100,100,1011,3
759,180,180,100,100,1523,3
760,170,150,90,75,15,3
761,170,150,90,75,15,3
762,170,150,90,75,15,3
763,170,150,90,75,15,3
764,170,150,90,75,15,3
765,170,150,90,75,15,3
766,170,150,90,75,15,3
767,170,150,90,75,15,3
768,170,150,90,75,15,3
769,180,180,100,100,1523,3
770,170,150,90,75,15,4
771,170,150,90,75,15,4
772,170,150,100,100,1491,4
773,180,180,100,100,1523,4
774,170,150,90,75,995,4
775,170,150,90,75,515,4
776,180,180,100,100,1523,5
777,170,150,90,75,15,4
778,170,150,90,75,15,4
779,170,150,90,75,15,4
780,170,150,90,75,15,4
